epoch,train_loss,train_acc,val_loss,val_acc,lr
1,0.1987350931034443,0.9324166666666667,0.21016912114747027,0.9273333333333333,1e-05
2,0.2048991146160567,0.9295833333333333,0.2116488773137965,0.9273333333333333,1e-05
3,0.1985972722635624,0.93175,0.21440289074436147,0.9276666666666666,1e-05
4,0.20054641881204666,0.9293333333333333,0.21149989265076657,0.9263333333333333,1e-05
5,0.19683258794248104,0.9335833333333333,0.20905797674934914,0.9276666666666666,1e-05
6,0.20202221824450695,0.9348333333333333,0.21832593292632002,0.9226666666666666,1e-05
7,0.19339718233714712,0.9335833333333333,0.21539666979236805,0.924,1e-05
8,0.1971299337579849,0.9328333333333333,0.20782136267169993,0.9276666666666666,1e-05
9,0.1975618625020093,0.9345833333333333,0.21246876440783766,0.9266666666666666,1e-05
